{"OP_M_mean": {"gmbs": 0.02445340956740003, "gm": 0.07728613989624378, "gds": 0.21713204309656356, "vdsat": 0.2836998030796793, "vth": 0.9633931159287022, "id": 0.016768786540039295, "ibd": -2.822746675459581e-11, "ibs": -1.746534716973387e-13, "gbd": 2.136922612369678e-10, "gbs": 2.156292636551047e-10, "isub": 2.615029555668839e-07, "igidl": 0.0, "igisl": 0.0, "igs": 0.0, "igd": 0.0, "igb": 0.0, "igcs": 0.0, "vbs": -0.1724859349917145, "vgs": 1.3035740069803918, "vds": 0.6015689520601023, "cgg": 1.8328231851294436e-11, "cgs": -1.1787609165045955e-11, "cgd": -5.8889364499589125e-12, "cbg": -1.5338898123482093e-12, "cbd": -3.653466703412182e-12, "cbs": -1.2832425612619507e-12, "cdg": -7.969787813177058e-12, "cdd": 6.480877184536394e-12, "cds": 4.2335152491994495e-12, "csg": -8.824554225769168e-12, "csd": 3.0615259688346984e-12, "css": 8.837336477108459e-12, "cgb": -6.516862362895635e-13, "cdb": -2.7446046205587874e-12, "csb": -3.07430822017399e-12, "cbb": 6.4705990770223425e-12, "capbd": 5.621531593299096e-12, "capbs": 5.85211682286065e-12, "qg": 1.9690415889191334e-11, "qb": -1.160280589317581e-11, "qs": -4.265019990742885e-12, "qinv": 0.0, "qdef": 0.0, "gcrg": 0.0, "gtau": 0.0}, "OP_M_std": {"gmbs": 0.0643903172188996, "gm": 0.21146333675299006, "gds": 0.7273434775934996, "vdsat": 0.1468115283072467, "vth": 0.07685641873711226, "id": 0.037222370600759, "ibd": 7.632908861641436e-11, "ibs": 2.6437371295305646e-13, "gbd": 4.769512294142425e-10, "gbs": 4.812216390258325e-10, "isub": 8.701712635879556e-07, "igidl": 0.0, "igisl": 0.0, "igs": 0.0, "igd": 0.0, "igb": 0.0, "igcs": 0.0, "vbs": 0.2616450400388432, "vgs": 0.21620252153506864, "vds": 0.5789900775920003, "cgg": 4.860623398597747e-11, "cgs": 3.000605643215843e-11, "cgd": 2.1075570678637895e-11, "cbg": 4.878182315980567e-12, "cbd": 1.2970166352744523e-11, "cbs": 4.4200498989435586e-12, "cdg": 2.247800924133608e-11, "cdd": 2.2874699067580058e-11, "cds": 1.1247314599019074e-11, "csg": 2.367912285217304e-11, "csd": 1.1173723948364357e-11, "css": 2.2606621166846292e-11, "cgb": 2.713029173437958e-12, "cdb": 7.742717155370207e-12, "csb": 8.276280946936242e-12, "cbb": 1.6746539478236483e-11, "capbd": 1.3666677628638303e-11, "capbs": 1.4121338684865995e-11, "qg": 5.246848431448815e-11, "qb": 2.9417552594523634e-11, "qs": 1.2561511159695326e-11, "qinv": 0.0, "qdef": 0.0, "gcrg": 0.0, "gtau": 0.0}}