{"OP_M_mean": {"gmbs": 0.00014515526208204154, "gm": 0.0004436573217627048, "gds": 0.2544314772372509, "vdsat": 0.3640377154400653, "vth": 0.9680058526367394, "id": 0.00014224362014553747, "ibd": -3.8308973222686575e-12, "ibs": -2.1211844924132667e-13, "gbd": 1.0315118113888922e-10, "gbs": 1.0339143909821776e-10, "isub": 6.283033701521296e-08, "igidl": 3.6536681075634688e-53, "igisl": 5.0234166777332435e-54, "igs": 0.0, "igd": 0.0, "igb": 0.0, "igcs": 0.0, "vbs": -0.21092198614075622, "vgs": 1.3432906221637757, "vds": 0.6465082312862297, "cgg": 9.243676493335032e-12, "cgs": -4.657258751909432e-12, "cgd": -4.280460536877834e-12, "cbg": -5.143191554578905e-13, "cbd": -2.645325806904066e-12, "cbs": -1.1117782462199101e-13, "cdg": -4.343868874872796e-12, "cdd": 4.619947776246429e-12, "cds": 1.1971797555306445e-12, "csg": -4.385488463004358e-12, "csd": 2.305838567535463e-12, "css": 3.5712568210007797e-12, "cgb": -3.0595720454777675e-13, "cdb": -1.473258656904279e-12, "csb": -1.4916069255318852e-12, "cbb": 3.2708227869839447e-12, "capbd": 2.702469459542116e-12, "capbs": 2.733604034853935e-12, "qg": 1.3332574955779457e-11, "qb": -5.218659451913798e-12, "qs": -4.063086440085129e-12, "qinv": 0.0, "qdef": 0.0, "gcrg": 0.0, "gtau": 0.0}, "OP_M_std": {"gmbs": 0.00022158556229445782, "gm": 0.0006900585547095205, "gds": 1.1258934998216428, "vdsat": 0.25452516852253176, "vth": 0.14425282769503445, "id": 0.00035430621773483285, "ibd": 2.6769718469646017e-11, "ibs": 4.1744602196532236e-13, "gbd": 3.470918644583781e-10, "gbs": 3.4779951456068095e-10, "isub": 5.778397213295014e-07, "igidl": 2.77087444073238e-52, "igisl": 8.148187622960704e-53, "igs": 0.0, "igd": 0.0, "igb": 0.0, "igcs": 0.0, "vbs": 0.4162484479530225, "vgs": 0.5381132985766168, "vds": 0.6857839917058667, "cgg": 3.788571773749775e-11, "cgs": 1.9691126747414736e-11, "cgd": 1.882365943861676e-11, "cbg": 4.416381608866872e-12, "cbd": 1.1433417352823115e-11, "cbs": 1.1722404172471315e-12, "cdg": 1.8734842079112248e-11, "cdd": 2.0163064354450963e-11, "cds": 5.113838658089245e-12, "csg": 1.8738233242445893e-11, "csd": 1.007390714151977e-11, "css": 1.509316456984904e-11, "cgb": 4.440273300988256e-12, "cdb": 6.390485422342049e-12, "csb": 6.394700776809361e-12, "cbb": 1.2772017325833921e-11, "capbd": 1.0181955620718219e-11, "capbs": 1.0293258545968247e-11, "qg": 5.493418869100137e-11, "qb": 2.028085428653939e-11, "qs": 1.779398497907873e-11, "qinv": 0.0, "qdef": 0.0, "gcrg": 0.0, "gtau": 0.0}}