{"OP_M_mean": {"gmbs": 0.00025193620694663964, "gm": 0.0007470884447514287, "gds": 0.15955492259158777, "vdsat": 0.30224245936007293, "vth": 0.9545911425579414, "id": 0.00013245487950278235, "ibd": -1.5136372609244624e-11, "ibs": -1.5258342672942113e-13, "gbd": 1.7989840393783074e-10, "gbs": 1.8093982855125826e-10, "isub": 5.3876366651014213e-08, "igidl": 0.0, "igisl": 0.0, "igs": 0.0, "igd": 0.0, "igb": 0.0, "igcs": 0.0, "vbs": -0.15092105898442346, "vgs": 1.3170085079744986, "vds": 0.6036861237364942, "cgg": 1.1501217816935506e-11, "cgs": -5.22280196825814e-12, "cgd": -4.0138097213820005e-12, "cbg": -2.5448338736961174e-12, "cbd": -2.5179305489729453e-12, "cbs": -4.340246130689528e-13, "cdg": -4.325562394919275e-12, "cdd": 4.3683752086402425e-12, "cds": 1.5072135236944852e-12, "csg": -4.630821548320106e-12, "csd": 2.1633650617147026e-12, "css": 4.149613057632612e-12, "cgb": -2.264606127295359e-12, "cdb": -1.5500263374154512e-12, "csb": -1.6821565710272068e-12, "cbb": 5.4967890357380175e-12, "capbd": 4.7069365387383105e-12, "capbs": 4.8420442331780094e-12, "qg": 1.3568161412268715e-11, "qb": -8.921092804261997e-12, "qs": -2.3578417490488778e-12, "qinv": 0.0, "qdef": 0.0, "gcrg": 0.0, "gtau": 0.0}, "OP_M_std": {"gmbs": 0.00024756528858728226, "gm": 0.0007104729511229423, "gds": 0.7435683027401271, "vdsat": 0.17774585049215175, "vth": 0.07721630119732137, "id": 0.00010601762366679949, "ibd": 5.5977070406135605e-11, "ibs": 2.480654087132613e-13, "gbd": 4.583141589747594e-10, "gbs": 4.609714372874302e-10, "isub": 4.377011636129801e-07, "igidl": 0.0, "igisl": 0.0, "igs": 0.0, "igd": 0.0, "igb": 0.0, "igcs": 0.0, "vbs": 0.24566216639057203, "vgs": 0.2868046916634973, "vds": 0.5628339054400677, "cgg": 3.516490616546036e-11, "cgs": 1.6528188234740815e-11, "cgd": 1.6745457268941073e-11, "cbg": 9.833992879396874e-12, "cbd": 1.0439776215575249e-11, "cbs": 2.486132451535244e-12, "cdg": 1.5747257535240447e-11, "cdd": 1.8124817907704897e-11, "cds": 4.8886254868342284e-12, "csg": 1.593060616028576e-11, "csd": 9.049686590881142e-12, "css": 1.2977744677620661e-11, "cgb": 9.303863546928554e-12, "cdb": 5.441803240158292e-12, "csb": 5.554343862856118e-12, "cbb": 1.5861121684998846e-11, "capbd": 1.3441506544889565e-11, "capbs": 1.3829506492223675e-11, "qg": 4.115533040610482e-11, "qb": 2.560137375304168e-11, "qs": 9.931024926599959e-12, "qinv": 0.0, "qdef": 0.0, "gcrg": 0.0, "gtau": 0.0}}